<?xml version="1.0" encoding="UTF-8"?>
<project-private xmlns="http://www.netbeans.org/ns/project-private/1">
    <editor-bookmarks xmlns="http://www.netbeans.org/ns/editor-bookmarks/2" lastBookmarkId="0"/>
    <open-files xmlns="http://www.netbeans.org/ns/projectui-open-files/2">
        <group>
            <file>file:/Users/peter/Documents/work/School/Subjects/III_POS_LOAL/Units/07_RegularExpressions/02_Exercises/Java/HttpUrlsTemplate/src/httpurl/HttpUrlChecker.java</file>
            <file>file:/Users/peter/Documents/work/School/Subjects/III_POS_LOAL/Units/07_RegularExpressions/02_Exercises/Java/HttpUrlsTemplate/test/httpurl/HttpUrlCheckerTest.java</file>
        </group>
    </open-files>
</project-private>
